{
	"schemaVersion": 1,
	"id": "villager-job-fix",
	"version": "${version}",
	"name": "Villager Job Fix",
	"description": "This is an example description! Tell everyone what your mod is about!",
	"authors": [
		"Me!"
	],
	"contact": {
		"homepage": "https://fabricmc.net/",
		"sources": "https://github.com/FabricMC/fabric-example-mod"
	},
	"license": "CC0-1.0",
	"icon": "assets/villager-job-fix/icon.png",
	"environment": "*",
	"entrypoints": {
		"main": [
			"villagerjobfix.villagerjobfix.VillagerJobFix"
		],
		"client": [
			"villagerjobfix.villagerjobfix.VillagerJobFixClient"
		]
	},
	"mixins": [
		"villager-job-fix.mixins.json",
		{
			"config": "villager-job-fix.client.mixins.json",
			"environment": "client"
		}
	],
	"depends": {
		"fabricloader": ">=0.17.2",
		"minecraft": "~1.21.8",
		"java": ">=21",
		"fabric-api": "*"
	},
	"suggests": {
		"another-mod": "*"
	}
}